{"RMSE": 0.3806710997390768, "mean_loss": 0.4444877526722843}